{
  "project_info": {
    "project_number": "164093392888",
    "firebase_url": "https://xpns-id.firebaseio.com",
    "project_id": "xpns-id",
    "storage_bucket": "xpns-id.appspot.com"
  },
  "client": [
    {
      "client_info": {
        "mobilesdk_app_id": "1:164093392888:android:78b30317827f005e",
        "android_client_info": {
          "package_name": "org.sourcei.xpns"
        }
      },
      "oauth_client": [
        {
          "client_id": "164093392888-cbsir85fnn94qjbudn8vd54n1grkdt1c.apps.googleusercontent.com",
          "client_type": 1,
          "android_info": {
            "package_name": "org.sourcei.xpns",
            "certificate_hash": "674c54fdc8e123d35a8e5f68cd31b80609402fdd"
          }
        },
        {
          "client_id": "164093392888-9i4jpes54jm8vjoak3eqb30r62e6e32h.apps.googleusercontent.com",
          "client_type": 3
        }
      ],
      "api_key": [
        {
          "current_key": "AIzaSyAiVC9CNPExDNkY2MoQrzK84q4LsYgQRYc"
        }
      ],
      "services": {
        "analytics_service": {
          "status": 1
        },
        "appinvite_service": {
          "status": 2,
          "other_platform_oauth_client": [
            {
              "client_id": "164093392888-9i4jpes54jm8vjoak3eqb30r62e6e32h.apps.googleusercontent.com",
              "client_type": 3
            }
          ]
        },
        "ads_service": {
          "status": 2
        }
      }
    }
  ],
  "configuration_version": "1"
}