{
  "formatVersion": 1,
  "database": {
    "version": 1,
    "identityHash": "68a236af64829a4ad8d1d448d44691ec",
    "entities": [
      {
        "tableName": "category",
        "createSql": "CREATE TABLE IF NOT EXISTS `${TABLE_NAME}` (`id` TEXT NOT NULL, `name` TEXT NOT NULL, `parent` TEXT, `url` TEXT NOT NULL, `file` TEXT, `frequency` INTEGER NOT NULL, `type` TEXT NOT NULL, PRIMARY KEY(`id`))",
        "fields": [
          {
            "fieldPath": "id",
            "columnName": "id",
            "affinity": "TEXT",
            "notNull": true
          },
          {
            "fieldPath": "name",
            "columnName": "name",
            "affinity": "TEXT",
            "notNull": true
          },
          {
            "fieldPath": "parent",
            "columnName": "parent",
            "affinity": "TEXT",
            "notNull": false
          },
          {
            "fieldPath": "url",
            "columnName": "url",
            "affinity": "TEXT",
            "notNull": true
          },
          {
            "fieldPath": "file",
            "columnName": "file",
            "affinity": "TEXT",
            "notNull": false
          },
          {
            "fieldPath": "frequency",
            "columnName": "frequency",
            "affinity": "INTEGER",
            "notNull": true
          },
          {
            "fieldPath": "type",
            "columnName": "type",
            "affinity": "TEXT",
            "notNull": true
          }
        ],
        "primaryKey": {
          "columnNames": [
            "id"
          ],
          "autoGenerate": false
        },
        "indices": [],
        "foreignKeys": []
      },
      {
        "tableName": "transactions",
        "createSql": "CREATE TABLE IF NOT EXISTS `${TABLE_NAME}` (`id` TEXT NOT NULL, `amount` REAL NOT NULL, `cid` TEXT NOT NULL, `syncState` INTEGER NOT NULL, `date` INTEGER NOT NULL, `note` TEXT, PRIMARY KEY(`id`), FOREIGN KEY(`cid`) REFERENCES `category`(`id`) ON UPDATE NO ACTION ON DELETE NO ACTION )",
        "fields": [
          {
            "fieldPath": "id",
            "columnName": "id",
            "affinity": "TEXT",
            "notNull": true
          },
          {
            "fieldPath": "amount",
            "columnName": "amount",
            "affinity": "REAL",
            "notNull": true
          },
          {
            "fieldPath": "cid",
            "columnName": "cid",
            "affinity": "TEXT",
            "notNull": true
          },
          {
            "fieldPath": "syncState",
            "columnName": "syncState",
            "affinity": "INTEGER",
            "notNull": true
          },
          {
            "fieldPath": "date",
            "columnName": "date",
            "affinity": "INTEGER",
            "notNull": true
          },
          {
            "fieldPath": "note",
            "columnName": "note",
            "affinity": "TEXT",
            "notNull": false
          }
        ],
        "primaryKey": {
          "columnNames": [
            "id"
          ],
          "autoGenerate": false
        },
        "indices": [
          {
            "name": "index_transactions_cid",
            "unique": false,
            "columnNames": [
              "cid"
            ],
            "createSql": "CREATE  INDEX `index_transactions_cid` ON `${TABLE_NAME}` (`cid`)"
          }
        ],
        "foreignKeys": [
          {
            "table": "category",
            "onDelete": "NO ACTION",
            "onUpdate": "NO ACTION",
            "columns": [
              "cid"
            ],
            "referencedColumns": [
              "id"
            ]
          }
        ]
      }
    ],
    "setupQueries": [
      "CREATE TABLE IF NOT EXISTS room_master_table (id INTEGER PRIMARY KEY,identity_hash TEXT)",
      "INSERT OR REPLACE INTO room_master_table (id,identity_hash) VALUES(42, \"68a236af64829a4ad8d1d448d44691ec\")"
    ]
  }
}