{
  "formatVersion": 1,
  "database": {
    "version": 1,
    "identityHash": "8ecae7e3f2d76b3c3841d6dc692b78e3",
    "entities": [
      {
        "tableName": "category",
        "createSql": "CREATE TABLE IF NOT EXISTS `${TABLE_NAME}` (`caid` INTEGER PRIMARY KEY AUTOINCREMENT NOT NULL, `cid` TEXT NOT NULL, `cname` TEXT NOT NULL, `cparent` TEXT, `cicon` TEXT NOT NULL, `cfrequency` INTEGER NOT NULL, `ctype` TEXT NOT NULL, `ccolor` TEXT NOT NULL, `csyncState` INTEGER NOT NULL)",
        "fields": [
          {
            "fieldPath": "caid",
            "columnName": "caid",
            "affinity": "INTEGER",
            "notNull": true
          },
          {
            "fieldPath": "cid",
            "columnName": "cid",
            "affinity": "TEXT",
            "notNull": true
          },
          {
            "fieldPath": "cname",
            "columnName": "cname",
            "affinity": "TEXT",
            "notNull": true
          },
          {
            "fieldPath": "cparent",
            "columnName": "cparent",
            "affinity": "TEXT",
            "notNull": false
          },
          {
            "fieldPath": "cicon",
            "columnName": "cicon",
            "affinity": "TEXT",
            "notNull": true
          },
          {
            "fieldPath": "cfrequency",
            "columnName": "cfrequency",
            "affinity": "INTEGER",
            "notNull": true
          },
          {
            "fieldPath": "ctype",
            "columnName": "ctype",
            "affinity": "TEXT",
            "notNull": true
          },
          {
            "fieldPath": "ccolor",
            "columnName": "ccolor",
            "affinity": "TEXT",
            "notNull": true
          },
          {
            "fieldPath": "csyncState",
            "columnName": "csyncState",
            "affinity": "INTEGER",
            "notNull": true
          }
        ],
        "primaryKey": {
          "columnNames": [
            "caid"
          ],
          "autoGenerate": true
        },
        "indices": [
          {
            "name": "index_category_cid",
            "unique": true,
            "columnNames": [
              "cid"
            ],
            "createSql": "CREATE UNIQUE INDEX `index_category_cid` ON `${TABLE_NAME}` (`cid`)"
          }
        ],
        "foreignKeys": []
      },
      {
        "tableName": "transactions",
        "createSql": "CREATE TABLE IF NOT EXISTS `${TABLE_NAME}` (`taid` INTEGER PRIMARY KEY AUTOINCREMENT NOT NULL, `tid` TEXT NOT NULL, `tamount` REAL NOT NULL, `tcid` TEXT NOT NULL, `tsyncState` INTEGER NOT NULL, `tdate` INTEGER NOT NULL, `tnote` TEXT, FOREIGN KEY(`tcid`) REFERENCES `category`(`cid`) ON UPDATE NO ACTION ON DELETE NO ACTION )",
        "fields": [
          {
            "fieldPath": "taid",
            "columnName": "taid",
            "affinity": "INTEGER",
            "notNull": true
          },
          {
            "fieldPath": "tid",
            "columnName": "tid",
            "affinity": "TEXT",
            "notNull": true
          },
          {
            "fieldPath": "tamount",
            "columnName": "tamount",
            "affinity": "REAL",
            "notNull": true
          },
          {
            "fieldPath": "tcid",
            "columnName": "tcid",
            "affinity": "TEXT",
            "notNull": true
          },
          {
            "fieldPath": "tsyncState",
            "columnName": "tsyncState",
            "affinity": "INTEGER",
            "notNull": true
          },
          {
            "fieldPath": "tdate",
            "columnName": "tdate",
            "affinity": "INTEGER",
            "notNull": true
          },
          {
            "fieldPath": "tnote",
            "columnName": "tnote",
            "affinity": "TEXT",
            "notNull": false
          }
        ],
        "primaryKey": {
          "columnNames": [
            "taid"
          ],
          "autoGenerate": true
        },
        "indices": [
          {
            "name": "index_transactions_tcid",
            "unique": false,
            "columnNames": [
              "tcid"
            ],
            "createSql": "CREATE  INDEX `index_transactions_tcid` ON `${TABLE_NAME}` (`tcid`)"
          },
          {
            "name": "index_transactions_tid",
            "unique": true,
            "columnNames": [
              "tid"
            ],
            "createSql": "CREATE UNIQUE INDEX `index_transactions_tid` ON `${TABLE_NAME}` (`tid`)"
          }
        ],
        "foreignKeys": [
          {
            "table": "category",
            "onDelete": "NO ACTION",
            "onUpdate": "NO ACTION",
            "columns": [
              "tcid"
            ],
            "referencedColumns": [
              "cid"
            ]
          }
        ]
      }
    ],
    "setupQueries": [
      "CREATE TABLE IF NOT EXISTS room_master_table (id INTEGER PRIMARY KEY,identity_hash TEXT)",
      "INSERT OR REPLACE INTO room_master_table (id,identity_hash) VALUES(42, \"8ecae7e3f2d76b3c3841d6dc692b78e3\")"
    ]
  }
}